[
  {
    "inputs": [
      {
        "internalType": "address",
        "name": "_admin",
        "type": "address"
      },
      {
        "internalType": "address",
        "name": "_mpc",
        "type": "address"
      },
      {
        "internalType": "uint128",
        "name": "_premium",
        "type": "uint128"
      },
      {
        "internalType": "uint256",
        "name": "_mode",
        "type": "uint256"
      }
    ],
    "stateMutability": "nonpayable",
    "type": "constructor"
  },
  {
    "anonymous": false,
    "inputs": [
      {
        "indexed": false,
        "internalType": "address",
        "name": "admin",
        "type": "address"
      }
    ],
    "name": "AddAdmin",
    "type": "event"
  },
  {
    "anonymous": false,
    "inputs": [
      {
        "indexed": true,
        "internalType": "address",
        "name": "oldMPC",
        "type": "address"
      },
      {
        "indexed": true,
        "internalType": "address",
        "name": "newMPC",
        "type": "address"
      },
      {
        "indexed": false,
        "internalType": "uint256",
        "name": "timestamp",
        "type": "uint256"
      }
    ],
    "name": "ApplyMPC",
    "type": "event"
  },
  {
    "anonymous": false,
    "inputs": [
      {
        "indexed": true,
        "internalType": "address",
        "name": "oldMPC",
        "type": "address"
      },
      {
        "indexed": true,
        "internalType": "address",
        "name": "newMPC",
        "type": "address"
      },
      {
        "indexed": false,
        "internalType": "uint256",
        "name": "timestamp",
        "type": "uint256"
      }
    ],
    "name": "ChangeMPC",
    "type": "event"
  },
  {
    "anonymous": false,
    "inputs": [
      {
        "indexed": true,
        "internalType": "address",
        "name": "account",
        "type": "address"
      },
      {
        "indexed": false,
        "internalType": "uint256",
        "name": "amount",
        "type": "uint256"
      }
    ],
    "name": "Deposit",
    "type": "event"
  },
  {
    "anonymous": false,
    "inputs": [
      {
        "indexed": true,
        "internalType": "bytes32",
        "name": "txhash",
        "type": "bytes32"
      },
      {
        "indexed": true,
        "internalType": "address",
        "name": "from",
        "type": "address"
      },
      {
        "indexed": false,
        "internalType": "uint256",
        "name": "fromChainID",
        "type": "uint256"
      },
      {
        "indexed": false,
        "internalType": "uint256",
        "name": "nonce",
        "type": "uint256"
      }
    ],
    "name": "DoneRetryExecRecord",
    "type": "event"
  },
  {
    "anonymous": false,
    "inputs": [
      {
        "indexed": true,
        "internalType": "address",
        "name": "from",
        "type": "address"
      },
      {
        "indexed": true,
        "internalType": "address",
        "name": "to",
        "type": "address"
      },
      {
        "indexed": false,
        "internalType": "bytes",
        "name": "data",
        "type": "bytes"
      },
      {
        "indexed": false,
        "internalType": "address",
        "name": "_fallback",
        "type": "address"
      },
      {
        "indexed": true,
        "internalType": "uint256",
        "name": "toChainID",
        "type": "uint256"
      },
      {
        "indexed": false,
        "internalType": "uint256",
        "name": "flags",
        "type": "uint256"
      },
      {
        "indexed": false,
        "internalType": "string",
        "name": "appID",
        "type": "string"
      },
      {
        "indexed": false,
        "internalType": "uint256",
        "name": "nonce",
        "type": "uint256"
      }
    ],
    "name": "LogAnyCall",
    "type": "event"
  },
  {
    "anonymous": false,
    "inputs": [
      {
        "indexed": true,
        "internalType": "bytes32",
        "name": "txhash",
        "type": "bytes32"
      },
      {
        "indexed": true,
        "internalType": "address",
        "name": "from",
        "type": "address"
      },
      {
        "indexed": true,
        "internalType": "address",
        "name": "to",
        "type": "address"
      },
      {
        "indexed": false,
        "internalType": "uint256",
        "name": "fromChainID",
        "type": "uint256"
      },
      {
        "indexed": false,
        "internalType": "uint256",
        "name": "nonce",
        "type": "uint256"
      },
      {
        "indexed": false,
        "internalType": "bool",
        "name": "success",
        "type": "bool"
      },
      {
        "indexed": false,
        "internalType": "bytes",
        "name": "result",
        "type": "bytes"
      }
    ],
    "name": "LogAnyExec",
    "type": "event"
  },
  {
    "anonymous": false,
    "inputs": [
      {
        "indexed": false,
        "internalType": "address",
        "name": "admin",
        "type": "address"
      }
    ],
    "name": "RemoveAdmin",
    "type": "event"
  },
  {
    "anonymous": false,
    "inputs": [
      {
        "indexed": false,
        "internalType": "string",
        "name": "appID",
        "type": "string"
      },
      {
        "indexed": true,
        "internalType": "address",
        "name": "app",
        "type": "address"
      },
      {
        "indexed": true,
        "internalType": "address",
        "name": "appAdmin",
        "type": "address"
      },
      {
        "indexed": false,
        "internalType": "uint256",
        "name": "appFlags",
        "type": "uint256"
      }
    ],
    "name": "SetAppConfig",
    "type": "event"
  },
  {
    "anonymous": false,
    "inputs": [
      {
        "indexed": false,
        "internalType": "string",
        "name": "appID",
        "type": "string"
      },
      {
        "indexed": false,
        "internalType": "bool",
        "name": "flag",
        "type": "bool"
      }
    ],
    "name": "SetBlacklist",
    "type": "event"
  },
  {
    "anonymous": false,
    "inputs": [
      {
        "indexed": false,
        "internalType": "string",
        "name": "appID",
        "type": "string"
      },
      {
        "indexed": true,
        "internalType": "address",
        "name": "whitelist",
        "type": "address"
      },
      {
        "indexed": false,
        "internalType": "bool",
        "name": "flag",
        "type": "bool"
      }
    ],
    "name": "SetWhitelist",
    "type": "event"
  },
  {
    "anonymous": false,
    "inputs": [
      {
        "indexed": true,
        "internalType": "bytes32",
        "name": "txhash",
        "type": "bytes32"
      },
      {
        "indexed": true,
        "internalType": "address",
        "name": "from",
        "type": "address"
      },
      {
        "indexed": true,
        "internalType": "address",
        "name": "to",
        "type": "address"
      },
      {
        "indexed": false,
        "internalType": "uint256",
        "name": "fromChainID",
        "type": "uint256"
      },
      {
        "indexed": false,
        "internalType": "uint256",
        "name": "nonce",
        "type": "uint256"
      },
      {
        "indexed": false,
        "internalType": "bytes",
        "name": "data",
        "type": "bytes"
      }
    ],
    "name": "StoreRetryExecRecord",
    "type": "event"
  },
  {
    "anonymous": false,
    "inputs": [
      {
        "indexed": false,
        "internalType": "uint256",
        "name": "oldPremium",
        "type": "uint256"
      },
      {
        "indexed": false,
        "internalType": "uint256",
        "name": "newPremium",
        "type": "uint256"
      }
    ],
    "name": "UpdatePremium",
    "type": "event"
  },
  {
    "anonymous": false,
    "inputs": [
      {
        "indexed": false,
        "internalType": "string",
        "name": "appID",
        "type": "string"
      },
      {
        "indexed": true,
        "internalType": "address",
        "name": "oldApp",
        "type": "address"
      },
      {
        "indexed": true,
        "internalType": "address",
        "name": "newApp",
        "type": "address"
      }
    ],
    "name": "UpgradeApp",
    "type": "event"
  },
  {
    "anonymous": false,
    "inputs": [
      {
        "indexed": true,
        "internalType": "address",
        "name": "account",
        "type": "address"
      },
      {
        "indexed": false,
        "internalType": "uint256",
        "name": "amount",
        "type": "uint256"
      }
    ],
    "name": "Withdraw",
    "type": "event"
  },
  {
    "inputs": [
      
    ],
    "name": "APPMODE_USE_CUSTOM_SRC_FEES",
    "outputs": [
      {
        "internalType": "uint256",
        "name": "",
        "type": "uint256"
      }
    ],
    "stateMutability": "view",
    "type": "function"
  },
  {
    "inputs": [
      
    ],
    "name": "FLAG_MERGE_CONFIG_FLAGS",
    "outputs": [
      {
        "internalType": "uint256",
        "name": "",
        "type": "uint256"
      }
    ],
    "stateMutability": "view",
    "type": "function"
  },
  {
    "inputs": [
      
    ],
    "name": "FLAG_PAY_FEE_ON_SRC",
    "outputs": [
      {
        "internalType": "uint256",
        "name": "",
        "type": "uint256"
      }
    ],
    "stateMutability": "view",
    "type": "function"
  },
  {
    "inputs": [
      
    ],
    "name": "FREE_MODE",
    "outputs": [
      {
        "internalType": "uint256",
        "name": "",
        "type": "uint256"
      }
    ],
    "stateMutability": "view",
    "type": "function"
  },
  {
    "inputs": [
      
    ],
    "name": "PERMISSIONLESS_MODE",
    "outputs": [
      {
        "internalType": "uint256",
        "name": "",
        "type": "uint256"
      }
    ],
    "stateMutability": "view",
    "type": "function"
  },
  {
    "inputs": [
      
    ],
    "name": "accruedFees",
    "outputs": [
      {
        "internalType": "uint128",
        "name": "",
        "type": "uint128"
      }
    ],
    "stateMutability": "view",
    "type": "function"
  },
  {
    "inputs": [
      {
        "internalType": "address",
        "name": "_admin",
        "type": "address"
      }
    ],
    "name": "addAdmin",
    "outputs": [
      
    ],
    "stateMutability": "nonpayable",
    "type": "function"
  },
  {
    "inputs": [
      {
        "internalType": "address",
        "name": "_app",
        "type": "address"
      },
      {
        "internalType": "address[]",
        "name": "_whitelist",
        "type": "address[]"
      }
    ],
    "name": "addWhitelist",
    "outputs": [
      
    ],
    "stateMutability": "nonpayable",
    "type": "function"
  },
  {
    "inputs": [
      {
        "internalType": "uint256",
        "name": "",
        "type": "uint256"
      }
    ],
    "name": "admins",
    "outputs": [
      {
        "internalType": "address",
        "name": "",
        "type": "address"
      }
    ],
    "stateMutability": "view",
    "type": "function"
  },
  {
    "inputs": [
      {
        "internalType": "address",
        "name": "_to",
        "type": "address"
      },
      {
        "internalType": "bytes",
        "name": "_data",
        "type": "bytes"
      },
      {
        "internalType": "address",
        "name": "_fallback",
        "type": "address"
      },
      {
        "internalType": "uint256",
        "name": "_toChainID",
        "type": "uint256"
      },
      {
        "internalType": "uint256",
        "name": "_flags",
        "type": "uint256"
      }
    ],
    "name": "anyCall",
    "outputs": [
      
    ],
    "stateMutability": "payable",
    "type": "function"
  },
  {
    "inputs": [
      {
        "internalType": "address",
        "name": "_to",
        "type": "address"
      },
      {
        "internalType": "bytes",
        "name": "_data",
        "type": "bytes"
      },
      {
        "internalType": "address",
        "name": "_fallback",
        "type": "address"
      },
      {
        "internalType": "string",
        "name": "_appID",
        "type": "string"
      },
      {
        "components": [
          {
            "internalType": "bytes32",
            "name": "txhash",
            "type": "bytes32"
          },
          {
            "internalType": "address",
            "name": "from",
            "type": "address"
          },
          {
            "internalType": "uint256",
            "name": "fromChainID",
            "type": "uint256"
          },
          {
            "internalType": "uint256",
            "name": "nonce",
            "type": "uint256"
          },
          {
            "internalType": "uint256",
            "name": "flags",
            "type": "uint256"
          }
        ],
        "internalType": "struct AnyCallV6Proxy.RequestContext",
        "name": "_ctx",
        "type": "tuple"
      }
    ],
    "name": "anyExec",
    "outputs": [
      
    ],
    "stateMutability": "nonpayable",
    "type": "function"
  },
  {
    "inputs": [
      {
        "internalType": "string",
        "name": "",
        "type": "string"
      }
    ],
    "name": "appBlacklist",
    "outputs": [
      {
        "internalType": "bool",
        "name": "",
        "type": "bool"
      }
    ],
    "stateMutability": "view",
    "type": "function"
  },
  {
    "inputs": [
      {
        "internalType": "string",
        "name": "",
        "type": "string"
      }
    ],
    "name": "appConfig",
    "outputs": [
      {
        "internalType": "address",
        "name": "app",
        "type": "address"
      },
      {
        "internalType": "address",
        "name": "appAdmin",
        "type": "address"
      },
      {
        "internalType": "uint256",
        "name": "appFlags",
        "type": "uint256"
      }
    ],
    "stateMutability": "view",
    "type": "function"
  },
  {
    "inputs": [
      {
        "internalType": "string",
        "name": "",
        "type": "string"
      },
      {
        "internalType": "uint256",
        "name": "",
        "type": "uint256"
      }
    ],
    "name": "appCustomModes",
    "outputs": [
      {
        "internalType": "uint256",
        "name": "",
        "type": "uint256"
      }
    ],
    "stateMutability": "view",
    "type": "function"
  },
  {
    "inputs": [
      {
        "internalType": "string",
        "name": "",
        "type": "string"
      }
    ],
    "name": "appDefaultModes",
    "outputs": [
      {
        "internalType": "uint256",
        "name": "",
        "type": "uint256"
      }
    ],
    "stateMutability": "view",
    "type": "function"
  },
  {
    "inputs": [
      {
        "internalType": "string",
        "name": "",
        "type": "string"
      },
      {
        "internalType": "address",
        "name": "",
        "type": "address"
      }
    ],
    "name": "appExecWhitelist",
    "outputs": [
      {
        "internalType": "bool",
        "name": "",
        "type": "bool"
      }
    ],
    "stateMutability": "view",
    "type": "function"
  },
  {
    "inputs": [
      {
        "internalType": "string",
        "name": "",
        "type": "string"
      },
      {
        "internalType": "uint256",
        "name": "",
        "type": "uint256"
      }
    ],
    "name": "appHistoryWhitelist",
    "outputs": [
      {
        "internalType": "address",
        "name": "",
        "type": "address"
      }
    ],
    "stateMutability": "view",
    "type": "function"
  },
  {
    "inputs": [
      {
        "internalType": "address",
        "name": "",
        "type": "address"
      }
    ],
    "name": "appIdentifier",
    "outputs": [
      {
        "internalType": "string",
        "name": "",
        "type": "string"
      }
    ],
    "stateMutability": "view",
    "type": "function"
  },
  {
    "inputs": [
      
    ],
    "name": "applyMPC",
    "outputs": [
      
    ],
    "stateMutability": "nonpayable",
    "type": "function"
  },
  {
    "inputs": [
      {
        "internalType": "string",
        "name": "_appID",
        "type": "string"
      },
      {
        "internalType": "uint256",
        "name": "_toChainID",
        "type": "uint256"
      },
      {
        "internalType": "uint256",
        "name": "_dataLength",
        "type": "uint256"
      }
    ],
    "name": "calcSrcFees",
    "outputs": [
      {
        "internalType": "uint256",
        "name": "",
        "type": "uint256"
      }
    ],
    "stateMutability": "view",
    "type": "function"
  },
  {
    "inputs": [
      {
        "internalType": "bytes32",
        "name": "_txhash",
        "type": "bytes32"
      },
      {
        "internalType": "address",
        "name": "_from",
        "type": "address"
      },
      {
        "internalType": "uint256",
        "name": "_fromChainID",
        "type": "uint256"
      },
      {
        "internalType": "uint256",
        "name": "_nonce",
        "type": "uint256"
      }
    ],
    "name": "calcUniqID",
    "outputs": [
      {
        "internalType": "bytes32",
        "name": "",
        "type": "bytes32"
      }
    ],
    "stateMutability": "pure",
    "type": "function"
  },
  {
    "inputs": [
      {
        "internalType": "address",
        "name": "_mpc",
        "type": "address"
      }
    ],
    "name": "changeMPC",
    "outputs": [
      
    ],
    "stateMutability": "nonpayable",
    "type": "function"
  },
  {
    "inputs": [
      {
        "internalType": "address",
        "name": "_account",
        "type": "address"
      }
    ],
    "name": "deposit",
    "outputs": [
      
    ],
    "stateMutability": "payable",
    "type": "function"
  },
  {
    "inputs": [
      {
        "internalType": "bytes32",
        "name": "",
        "type": "bytes32"
      }
    ],
    "name": "execCompleted",
    "outputs": [
      {
        "internalType": "bool",
        "name": "",
        "type": "bool"
      }
    ],
    "stateMutability": "view",
    "type": "function"
  },
  {
    "inputs": [
      {
        "internalType": "address",
        "name": "",
        "type": "address"
      }
    ],
    "name": "executionBudget",
    "outputs": [
      {
        "internalType": "uint256",
        "name": "",
        "type": "uint256"
      }
    ],
    "stateMutability": "view",
    "type": "function"
  },
  {
    "inputs": [
      
    ],
    "name": "executor",
    "outputs": [
      {
        "internalType": "contract AnyCallExecutor",
        "name": "",
        "type": "address"
      }
    ],
    "stateMutability": "view",
    "type": "function"
  },
  {
    "inputs": [
      
    ],
    "name": "getAllAdmins",
    "outputs": [
      {
        "internalType": "address[]",
        "name": "",
        "type": "address[]"
      }
    ],
    "stateMutability": "view",
    "type": "function"
  },
  {
    "inputs": [
      {
        "internalType": "string",
        "name": "_appID",
        "type": "string"
      }
    ],
    "name": "getAllHistoryWhitelist",
    "outputs": [
      {
        "internalType": "address[]",
        "name": "",
        "type": "address[]"
      }
    ],
    "stateMutability": "view",
    "type": "function"
  },
  {
    "inputs": [
      {
        "internalType": "string",
        "name": "_appID",
        "type": "string"
      }
    ],
    "name": "getHistoryWhitelistLength",
    "outputs": [
      {
        "internalType": "uint256",
        "name": "",
        "type": "uint256"
      }
    ],
    "stateMutability": "view",
    "type": "function"
  },
  {
    "inputs": [
      {
        "internalType": "string",
        "name": "_appID",
        "type": "string"
      },
      {
        "internalType": "address",
        "name": "_app",
        "type": "address"
      },
      {
        "internalType": "address",
        "name": "_admin",
        "type": "address"
      },
      {
        "internalType": "uint256",
        "name": "_flags",
        "type": "uint256"
      },
      {
        "internalType": "address[]",
        "name": "_whitelist",
        "type": "address[]"
      }
    ],
    "name": "initAppConfig",
    "outputs": [
      
    ],
    "stateMutability": "nonpayable",
    "type": "function"
  },
  {
    "inputs": [
      {
        "internalType": "address",
        "name": "",
        "type": "address"
      }
    ],
    "name": "isAdmin",
    "outputs": [
      {
        "internalType": "bool",
        "name": "",
        "type": "bool"
      }
    ],
    "stateMutability": "view",
    "type": "function"
  },
  {
    "inputs": [
      {
        "internalType": "string",
        "name": "_appID",
        "type": "string"
      },
      {
        "internalType": "uint256",
        "name": "_toChainID",
        "type": "uint256"
      }
    ],
    "name": "isUseCustomSrcFees",
    "outputs": [
      {
        "internalType": "bool",
        "name": "",
        "type": "bool"
      }
    ],
    "stateMutability": "view",
    "type": "function"
  },
  {
    "inputs": [
      
    ],
    "name": "minReserveBudget",
    "outputs": [
      {
        "internalType": "uint256",
        "name": "",
        "type": "uint256"
      }
    ],
    "stateMutability": "view",
    "type": "function"
  },
  {
    "inputs": [
      
    ],
    "name": "mode",
    "outputs": [
      {
        "internalType": "uint256",
        "name": "",
        "type": "uint256"
      }
    ],
    "stateMutability": "view",
    "type": "function"
  },
  {
    "inputs": [
      
    ],
    "name": "mpc",
    "outputs": [
      {
        "internalType": "address",
        "name": "",
        "type": "address"
      }
    ],
    "stateMutability": "view",
    "type": "function"
  },
  {
    "inputs": [
      
    ],
    "name": "paused",
    "outputs": [
      {
        "internalType": "bool",
        "name": "",
        "type": "bool"
      }
    ],
    "stateMutability": "view",
    "type": "function"
  },
  {
    "inputs": [
      
    ],
    "name": "pendingMPC",
    "outputs": [
      {
        "internalType": "address",
        "name": "",
        "type": "address"
      }
    ],
    "stateMutability": "view",
    "type": "function"
  },
  {
    "inputs": [
      
    ],
    "name": "premium",
    "outputs": [
      {
        "internalType": "uint128",
        "name": "",
        "type": "uint128"
      }
    ],
    "stateMutability": "view",
    "type": "function"
  },
  {
    "inputs": [
      {
        "internalType": "address",
        "name": "_admin",
        "type": "address"
      }
    ],
    "name": "removeAdmin",
    "outputs": [
      
    ],
    "stateMutability": "nonpayable",
    "type": "function"
  },
  {
    "inputs": [
      {
        "internalType": "address",
        "name": "_app",
        "type": "address"
      },
      {
        "internalType": "address[]",
        "name": "_whitelist",
        "type": "address[]"
      }
    ],
    "name": "removeWhitelist",
    "outputs": [
      
    ],
    "stateMutability": "nonpayable",
    "type": "function"
  },
  {
    "inputs": [
      {
        "internalType": "bytes32",
        "name": "_txhash",
        "type": "bytes32"
      },
      {
        "internalType": "address",
        "name": "_from",
        "type": "address"
      },
      {
        "internalType": "uint256",
        "name": "_fromChainID",
        "type": "uint256"
      },
      {
        "internalType": "uint256",
        "name": "_nonce",
        "type": "uint256"
      }
    ],
    "name": "retryExec",
    "outputs": [
      
    ],
    "stateMutability": "nonpayable",
    "type": "function"
  },
  {
    "inputs": [
      {
        "internalType": "bytes32",
        "name": "",
        "type": "bytes32"
      }
    ],
    "name": "retryExecRecords",
    "outputs": [
      {
        "internalType": "address",
        "name": "to",
        "type": "address"
      },
      {
        "internalType": "bytes",
        "name": "data",
        "type": "bytes"
      }
    ],
    "stateMutability": "view",
    "type": "function"
  },
  {
    "inputs": [
      {
        "internalType": "address",
        "name": "_app",
        "type": "address"
      },
      {
        "internalType": "uint256",
        "name": "_appDefaultMode",
        "type": "uint256"
      },
      {
        "internalType": "uint256[]",
        "name": "_toChainIDs",
        "type": "uint256[]"
      },
      {
        "internalType": "uint256[]",
        "name": "_appCustomModes",
        "type": "uint256[]"
      }
    ],
    "name": "setAppModes",
    "outputs": [
      
    ],
    "stateMutability": "nonpayable",
    "type": "function"
  },
  {
    "inputs": [
      {
        "internalType": "string",
        "name": "_appID",
        "type": "string"
      },
      {
        "internalType": "bool",
        "name": "_flag",
        "type": "bool"
      }
    ],
    "name": "setBlacklist",
    "outputs": [
      
    ],
    "stateMutability": "nonpayable",
    "type": "function"
  },
  {
    "inputs": [
      {
        "internalType": "string[]",
        "name": "_appIDs",
        "type": "string[]"
      },
      {
        "internalType": "bool",
        "name": "_flag",
        "type": "bool"
      }
    ],
    "name": "setBlacklists",
    "outputs": [
      
    ],
    "stateMutability": "nonpayable",
    "type": "function"
  },
  {
    "inputs": [
      {
        "internalType": "address",
        "name": "_app",
        "type": "address"
      },
      {
        "internalType": "uint256[]",
        "name": "_toChainIDs",
        "type": "uint256[]"
      },
      {
        "internalType": "uint256[]",
        "name": "_baseFees",
        "type": "uint256[]"
      },
      {
        "internalType": "uint256[]",
        "name": "_feesPerByte",
        "type": "uint256[]"
      }
    ],
    "name": "setCustomSrcFees",
    "outputs": [
      
    ],
    "stateMutability": "nonpayable",
    "type": "function"
  },
  {
    "inputs": [
      {
        "internalType": "uint256[]",
        "name": "_toChainIDs",
        "type": "uint256[]"
      },
      {
        "internalType": "uint256[]",
        "name": "_baseFees",
        "type": "uint256[]"
      },
      {
        "internalType": "uint256[]",
        "name": "_feesPerByte",
        "type": "uint256[]"
      }
    ],
    "name": "setDefaultSrcFees",
    "outputs": [
      
    ],
    "stateMutability": "nonpayable",
    "type": "function"
  },
  {
    "inputs": [
      {
        "internalType": "uint128",
        "name": "_minBudget",
        "type": "uint128"
      }
    ],
    "name": "setMinReserveBudget",
    "outputs": [
      
    ],
    "stateMutability": "nonpayable",
    "type": "function"
  },
  {
    "inputs": [
      {
        "internalType": "uint256",
        "name": "_mode",
        "type": "uint256"
      }
    ],
    "name": "setMode",
    "outputs": [
      
    ],
    "stateMutability": "nonpayable",
    "type": "function"
  },
  {
    "inputs": [
      {
        "internalType": "bool",
        "name": "_paused",
        "type": "bool"
      }
    ],
    "name": "setPaused",
    "outputs": [
      
    ],
    "stateMutability": "nonpayable",
    "type": "function"
  },
  {
    "inputs": [
      {
        "internalType": "uint128",
        "name": "_premium",
        "type": "uint128"
      }
    ],
    "name": "setPremium",
    "outputs": [
      
    ],
    "stateMutability": "nonpayable",
    "type": "function"
  },
  {
    "inputs": [
      {
        "internalType": "string",
        "name": "",
        "type": "string"
      },
      {
        "internalType": "uint256",
        "name": "",
        "type": "uint256"
      }
    ],
    "name": "srcCustomFees",
    "outputs": [
      {
        "internalType": "uint256",
        "name": "baseFees",
        "type": "uint256"
      },
      {
        "internalType": "uint256",
        "name": "feesPerByte",
        "type": "uint256"
      }
    ],
    "stateMutability": "view",
    "type": "function"
  },
  {
    "inputs": [
      {
        "internalType": "uint256",
        "name": "",
        "type": "uint256"
      }
    ],
    "name": "srcDefaultFees",
    "outputs": [
      {
        "internalType": "uint256",
        "name": "baseFees",
        "type": "uint256"
      },
      {
        "internalType": "uint256",
        "name": "feesPerByte",
        "type": "uint256"
      }
    ],
    "stateMutability": "view",
    "type": "function"
  },
  {
    "inputs": [
      {
        "internalType": "string",
        "name": "_appID",
        "type": "string"
      }
    ],
    "name": "tidyHistoryWhitelist",
    "outputs": [
      
    ],
    "stateMutability": "nonpayable",
    "type": "function"
  },
  {
    "inputs": [
      {
        "internalType": "address",
        "name": "_app",
        "type": "address"
      },
      {
        "internalType": "address",
        "name": "_admin",
        "type": "address"
      },
      {
        "internalType": "uint256",
        "name": "_flags",
        "type": "uint256"
      },
      {
        "internalType": "address[]",
        "name": "_whitelist",
        "type": "address[]"
      }
    ],
    "name": "updateAppConfig",
    "outputs": [
      
    ],
    "stateMutability": "nonpayable",
    "type": "function"
  },
  {
    "inputs": [
      {
        "internalType": "address",
        "name": "_oldApp",
        "type": "address"
      },
      {
        "internalType": "address",
        "name": "_newApp",
        "type": "address"
      }
    ],
    "name": "upgradeApp",
    "outputs": [
      
    ],
    "stateMutability": "nonpayable",
    "type": "function"
  },
  {
    "inputs": [
      {
        "internalType": "uint256",
        "name": "_amount",
        "type": "uint256"
      }
    ],
    "name": "withdraw",
    "outputs": [
      
    ],
    "stateMutability": "nonpayable",
    "type": "function"
  },
  {
    "inputs": [
      
    ],
    "name": "withdrawAccruedFees",
    "outputs": [
      
    ],
    "stateMutability": "nonpayable",
    "type": "function"
  }
]