[{
	"inputs": [{
		"internalType": "address[2]",
		"name": "newOwners",
		"type": "address[2]"
	}],
	"stateMutability": "nonpayable",
	"type": "constructor"
}, {
	"anonymous": false,
	"inputs": [{
		"indexed": true,
		"internalType": "address",
		"name": "previousOwner",
		"type": "address"
	}, {
		"indexed": true,
		"internalType": "address",
		"name": "newOwner",
		"type": "address"
	}],
	"name": "OwnershipTransferred",
	"type": "event"
}, {
	"anonymous": false,
	"inputs": [],
	"name": "UpdateConfig",
	"type": "event"
}, {
	"inputs": [{
		"internalType": "uint256",
		"name": "chainID",
		"type": "uint256"
	}],
	"name": "addChainID",
	"outputs": [{
		"internalType": "bool",
		"name": "",
		"type": "bool"
	}],
	"stateMutability": "nonpayable",
	"type": "function"
}, {
	"inputs": [{
		"internalType": "string",
		"name": "tokenID",
		"type": "string"
	}],
	"name": "addTokenID",
	"outputs": [{
		"internalType": "bool",
		"name": "",
		"type": "bool"
	}],
	"stateMutability": "nonpayable",
	"type": "function"
}, {
	"inputs": [],
	"name": "getAllChainIDs",
	"outputs": [{
		"internalType": "uint256[]",
		"name": "",
		"type": "uint256[]"
	}],
	"stateMutability": "view",
	"type": "function"
}, {
	"inputs": [{
		"internalType": "string",
		"name": "tokenID",
		"type": "string"
	}],
	"name": "getAllMultichainTokens",
	"outputs": [{
		"components": [{
			"internalType": "uint256",
			"name": "ChainID",
			"type": "uint256"
		}, {
			"internalType": "address",
			"name": "TokenAddress",
			"type": "address"
		}],
		"internalType": "struct IConfigQuery.MultichainToken[]",
		"name": "",
		"type": "tuple[]"
	}],
	"stateMutability": "view",
	"type": "function"
}, {
	"inputs": [],
	"name": "getAllTokenIDs",
	"outputs": [{
		"internalType": "string[]",
		"name": "result",
		"type": "string[]"
	}],
	"stateMutability": "view",
	"type": "function"
}, {
	"inputs": [{
		"internalType": "uint256",
		"name": "chainID",
		"type": "uint256"
	}],
	"name": "getChainConfig",
	"outputs": [{
		"components": [{
			"internalType": "string",
			"name": "BlockChain",
			"type": "string"
		}, {
			"internalType": "address",
			"name": "RouterContract",
			"type": "address"
		}, {
			"internalType": "uint64",
			"name": "Confirmations",
			"type": "uint64"
		}, {
			"internalType": "uint64",
			"name": "InitialHeight",
			"type": "uint64"
		}],
		"internalType": "struct IConfigQuery.ChainConfig",
		"name": "",
		"type": "tuple"
	}],
	"stateMutability": "view",
	"type": "function"
}, {
	"inputs": [{
		"internalType": "uint256",
		"name": "chainID",
		"type": "uint256"
	}, {
		"internalType": "string",
		"name": "key",
		"type": "string"
	}],
	"name": "getCustomConfig",
	"outputs": [{
		"internalType": "string",
		"name": "",
		"type": "string"
	}],
	"stateMutability": "view",
	"type": "function"
}, {
	"inputs": [{
		"internalType": "address",
		"name": "mpcAddress",
		"type": "address"
	}],
	"name": "getMPCPubkey",
	"outputs": [{
		"internalType": "string",
		"name": "",
		"type": "string"
	}],
	"stateMutability": "view",
	"type": "function"
}, {
	"inputs": [{
		"internalType": "string",
		"name": "tokenID",
		"type": "string"
	}, {
		"internalType": "uint256",
		"name": "chainID",
		"type": "uint256"
	}],
	"name": "getMultichainToken",
	"outputs": [{
		"internalType": "address",
		"name": "",
		"type": "address"
	}],
	"stateMutability": "view",
	"type": "function"
}, {
	"inputs": [{
		"internalType": "string",
		"name": "tokenID",
		"type": "string"
	}, {
		"internalType": "uint256",
		"name": "toChainID",
		"type": "uint256"
	}],
	"name": "getSwapConfig",
	"outputs": [{
		"components": [{
			"internalType": "uint256",
			"name": "MaximumSwap",
			"type": "uint256"
		}, {
			"internalType": "uint256",
			"name": "MinimumSwap",
			"type": "uint256"
		}, {
			"internalType": "uint256",
			"name": "BigValueThreshold",
			"type": "uint256"
		}, {
			"internalType": "uint256",
			"name": "SwapFeeRatePerMillion",
			"type": "uint256"
		}, {
			"internalType": "uint256",
			"name": "MaximumSwapFee",
			"type": "uint256"
		}, {
			"internalType": "uint256",
			"name": "MinimumSwapFee",
			"type": "uint256"
		}],
		"internalType": "struct IConfigQuery.SwapConfig",
		"name": "",
		"type": "tuple"
	}],
	"stateMutability": "view",
	"type": "function"
}, {
	"inputs": [{
		"internalType": "string",
		"name": "tokenID",
		"type": "string"
	}, {
		"internalType": "uint256",
		"name": "chainID",
		"type": "uint256"
	}],
	"name": "getTokenConfig",
	"outputs": [{
		"components": [{
			"internalType": "uint8",
			"name": "Decimals",
			"type": "uint8"
		}, {
			"internalType": "address",
			"name": "ContractAddress",
			"type": "address"
		}, {
			"internalType": "uint256",
			"name": "ContractVersion",
			"type": "uint256"
		}],
		"internalType": "struct IConfigQuery.TokenConfig",
		"name": "",
		"type": "tuple"
	}],
	"stateMutability": "view",
	"type": "function"
}, {
	"inputs": [{
		"internalType": "uint256",
		"name": "chainID",
		"type": "uint256"
	}, {
		"internalType": "address",
		"name": "tokenAddress",
		"type": "address"
	}],
	"name": "getTokenID",
	"outputs": [{
		"internalType": "string",
		"name": "",
		"type": "string"
	}],
	"stateMutability": "view",
	"type": "function"
}, {
	"inputs": [{
		"internalType": "string",
		"name": "tokenID",
		"type": "string"
	}, {
		"internalType": "uint256",
		"name": "chainID",
		"type": "uint256"
	}],
	"name": "getUserTokenConfig",
	"outputs": [{
		"components": [{
			"internalType": "uint8",
			"name": "Decimals",
			"type": "uint8"
		}, {
			"internalType": "address",
			"name": "ContractAddress",
			"type": "address"
		}, {
			"internalType": "uint256",
			"name": "ContractVersion",
			"type": "uint256"
		}],
		"internalType": "struct IConfigQuery.TokenConfig",
		"name": "",
		"type": "tuple"
	}],
	"stateMutability": "view",
	"type": "function"
}, {
	"inputs": [{
		"internalType": "uint256",
		"name": "chainID",
		"type": "uint256"
	}],
	"name": "isChainIDExist",
	"outputs": [{
		"internalType": "bool",
		"name": "",
		"type": "bool"
	}],
	"stateMutability": "view",
	"type": "function"
}, {
	"inputs": [{
		"internalType": "string",
		"name": "tokenID",
		"type": "string"
	}],
	"name": "isTokenIDExist",
	"outputs": [{
		"internalType": "bool",
		"name": "",
		"type": "bool"
	}],
	"stateMutability": "view",
	"type": "function"
}, {
	"inputs": [{
		"internalType": "uint256",
		"name": "",
		"type": "uint256"
	}],
	"name": "owners",
	"outputs": [{
		"internalType": "address",
		"name": "",
		"type": "address"
	}],
	"stateMutability": "view",
	"type": "function"
}, {
	"inputs": [{
		"internalType": "string",
		"name": "tokenID",
		"type": "string"
	}, {
		"internalType": "uint256",
		"name": "chainID",
		"type": "uint256"
	}],
	"name": "pickUserTokenConfig",
	"outputs": [{
		"internalType": "bool",
		"name": "",
		"type": "bool"
	}],
	"stateMutability": "nonpayable",
	"type": "function"
}, {
	"inputs": [{
		"internalType": "string",
		"name": "tokenID",
		"type": "string"
	}],
	"name": "removeAllMultichainTokens",
	"outputs": [],
	"stateMutability": "nonpayable",
	"type": "function"
}, {
	"inputs": [{
		"internalType": "uint256",
		"name": "chainID",
		"type": "uint256"
	}],
	"name": "removeChainID",
	"outputs": [{
		"internalType": "bool",
		"name": "",
		"type": "bool"
	}],
	"stateMutability": "nonpayable",
	"type": "function"
}, {
	"inputs": [{
		"internalType": "string",
		"name": "tokenID",
		"type": "string"
	}, {
		"internalType": "uint256",
		"name": "chainID",
		"type": "uint256"
	}],
	"name": "removeMultichainToken",
	"outputs": [{
		"internalType": "bool",
		"name": "",
		"type": "bool"
	}],
	"stateMutability": "nonpayable",
	"type": "function"
}, {
	"inputs": [{
		"internalType": "string",
		"name": "tokenID",
		"type": "string"
	}],
	"name": "removeTokenID",
	"outputs": [{
		"internalType": "bool",
		"name": "",
		"type": "bool"
	}],
	"stateMutability": "nonpayable",
	"type": "function"
}, {
	"inputs": [{
		"internalType": "uint256",
		"name": "chainID",
		"type": "uint256"
	}, {
		"components": [{
			"internalType": "string",
			"name": "BlockChain",
			"type": "string"
		}, {
			"internalType": "address",
			"name": "RouterContract",
			"type": "address"
		}, {
			"internalType": "uint64",
			"name": "Confirmations",
			"type": "uint64"
		}, {
			"internalType": "uint64",
			"name": "InitialHeight",
			"type": "uint64"
		}],
		"internalType": "struct IConfigQuery.ChainConfig",
		"name": "config",
		"type": "tuple"
	}],
	"name": "setChainConfig",
	"outputs": [{
		"internalType": "bool",
		"name": "",
		"type": "bool"
	}],
	"stateMutability": "nonpayable",
	"type": "function"
}, {
	"inputs": [{
		"internalType": "uint256",
		"name": "chainID",
		"type": "uint256"
	}, {
		"internalType": "string",
		"name": "key",
		"type": "string"
	}, {
		"internalType": "string",
		"name": "data",
		"type": "string"
	}],
	"name": "setCustomConfig",
	"outputs": [{
		"internalType": "bool",
		"name": "",
		"type": "bool"
	}],
	"stateMutability": "nonpayable",
	"type": "function"
}, {
	"inputs": [{
		"internalType": "address",
		"name": "addr",
		"type": "address"
	}, {
		"internalType": "string",
		"name": "pubkey",
		"type": "string"
	}],
	"name": "setMPCPubkey",
	"outputs": [{
		"internalType": "bool",
		"name": "",
		"type": "bool"
	}],
	"stateMutability": "nonpayable",
	"type": "function"
}, {
	"inputs": [{
		"internalType": "string",
		"name": "tokenID",
		"type": "string"
	}, {
		"internalType": "uint256",
		"name": "chainID",
		"type": "uint256"
	}, {
		"internalType": "address",
		"name": "token",
		"type": "address"
	}],
	"name": "setMultichainToken",
	"outputs": [],
	"stateMutability": "nonpayable",
	"type": "function"
}, {
	"inputs": [{
		"internalType": "string",
		"name": "tokenID",
		"type": "string"
	}, {
		"internalType": "uint256",
		"name": "toChainID",
		"type": "uint256"
	}, {
		"components": [{
			"internalType": "uint256",
			"name": "MaximumSwap",
			"type": "uint256"
		}, {
			"internalType": "uint256",
			"name": "MinimumSwap",
			"type": "uint256"
		}, {
			"internalType": "uint256",
			"name": "BigValueThreshold",
			"type": "uint256"
		}, {
			"internalType": "uint256",
			"name": "SwapFeeRatePerMillion",
			"type": "uint256"
		}, {
			"internalType": "uint256",
			"name": "MaximumSwapFee",
			"type": "uint256"
		}, {
			"internalType": "uint256",
			"name": "MinimumSwapFee",
			"type": "uint256"
		}],
		"internalType": "struct IConfigQuery.SwapConfig",
		"name": "config",
		"type": "tuple"
	}],
	"name": "setSwapConfig",
	"outputs": [{
		"internalType": "bool",
		"name": "",
		"type": "bool"
	}],
	"stateMutability": "nonpayable",
	"type": "function"
}, {
	"inputs": [{
		"internalType": "string",
		"name": "tokenID",
		"type": "string"
	}, {
		"internalType": "uint256",
		"name": "chainID",
		"type": "uint256"
	}, {
		"components": [{
			"internalType": "uint8",
			"name": "Decimals",
			"type": "uint8"
		}, {
			"internalType": "address",
			"name": "ContractAddress",
			"type": "address"
		}, {
			"internalType": "uint256",
			"name": "ContractVersion",
			"type": "uint256"
		}],
		"internalType": "struct IConfigQuery.TokenConfig",
		"name": "config",
		"type": "tuple"
	}],
	"name": "setTokenConfig",
	"outputs": [{
		"internalType": "bool",
		"name": "",
		"type": "bool"
	}],
	"stateMutability": "nonpayable",
	"type": "function"
}, {
	"inputs": [{
		"internalType": "string",
		"name": "tokenID",
		"type": "string"
	}, {
		"internalType": "uint256",
		"name": "chainID",
		"type": "uint256"
	}, {
		"components": [{
			"internalType": "uint8",
			"name": "Decimals",
			"type": "uint8"
		}, {
			"internalType": "address",
			"name": "ContractAddress",
			"type": "address"
		}, {
			"internalType": "uint256",
			"name": "ContractVersion",
			"type": "uint256"
		}],
		"internalType": "struct IConfigQuery.TokenConfig",
		"name": "config",
		"type": "tuple"
	}],
	"name": "setUserTokenConfig",
	"outputs": [{
		"internalType": "bool",
		"name": "",
		"type": "bool"
	}],
	"stateMutability": "nonpayable",
	"type": "function"
}, {
	"inputs": [{
		"internalType": "address",
		"name": "newOwner",
		"type": "address"
	}],
	"name": "transferOwnership",
	"outputs": [],
	"stateMutability": "nonpayable",
	"type": "function"
}, {
	"inputs": [],
	"name": "updateConfig",
	"outputs": [],
	"stateMutability": "nonpayable",
	"type": "function"
}]