[{
    "constant": true,
    "inputs": [],
    "name": "name",
    "outputs": [{
        "name": "",
        "type": "string"
    }],
    "payable": false,
    "stateMutability": "view",
    "type": "function"
},
{
    "constant": false,
    "inputs": [{
            "name": "spender",
            "type": "address"
        },
        {
            "name": "amount",
            "type": "uint256"
        }
    ],
    "name": "approve",
    "outputs": [{
        "name": "",
        "type": "bool"
    }],
    "payable": false,
    "stateMutability": "nonpayable",
    "type": "function"
},
{
    "constant": true,
    "inputs": [],
    "name": "totalSupply",
    "outputs": [{
        "name": "",
        "type": "uint256"
    }],
    "payable": false,
    "stateMutability": "view",
    "type": "function"
},
{
    "constant": false,
    "inputs": [{
            "name": "sender",
            "type": "address"
        },
        {
            "name": "recipient",
            "type": "address"
        },
        {
            "name": "amount",
            "type": "uint256"
        }
    ],
    "name": "transferFrom",
    "outputs": [{
        "name": "",
        "type": "bool"
    }],
    "payable": false,
    "stateMutability": "nonpayable",
    "type": "function"
},
{
    "constant": true,
    "inputs": [],
    "name": "decimals",
    "outputs": [{
        "name": "",
        "type": "uint8"
    }],
    "payable": false,
    "stateMutability": "view",
    "type": "function"
},
{
    "constant": false,
    "inputs": [{
            "name": "spender",
            "type": "address"
        },
        {
            "name": "addedValue",
            "type": "uint256"
        }
    ],
    "name": "increaseAllowance",
    "outputs": [{
        "name": "",
        "type": "bool"
    }],
    "payable": false,
    "stateMutability": "nonpayable",
    "type": "function"
},
{
    "constant": true,
    "inputs": [{
        "name": "account",
        "type": "address"
    }],
    "name": "balanceOf",
    "outputs": [{
        "name": "",
        "type": "uint256"
    }],
    "payable": false,
    "stateMutability": "view",
    "type": "function"
},
{
    "constant": true,
    "inputs": [],
    "name": "owner",
    "outputs": [{
        "name": "",
        "type": "address"
    }],
    "payable": false,
    "stateMutability": "view",
    "type": "function"
},
{
    "constant": true,
    "inputs": [],
    "name": "symbol",
    "outputs": [{
        "name": "",
        "type": "string"
    }],
    "payable": false,
    "stateMutability": "view",
    "type": "function"
},
{
    "constant": false,
    "inputs": [{
            "name": "spender",
            "type": "address"
        },
        {
            "name": "subtractedValue",
            "type": "uint256"
        }
    ],
    "name": "decreaseAllowance",
    "outputs": [{
        "name": "",
        "type": "bool"
    }],
    "payable": false,
    "stateMutability": "nonpayable",
    "type": "function"
},
{
    "constant": false,
    "inputs": [{
            "name": "recipient",
            "type": "address"
        },
        {
            "name": "amount",
            "type": "uint256"
        }
    ],
    "name": "transfer",
    "outputs": [{
        "name": "",
        "type": "bool"
    }],
    "payable": false,
    "stateMutability": "nonpayable",
    "type": "function"
},
{
    "constant": true,
    "inputs": [{
            "name": "owner",
            "type": "address"
        },
        {
            "name": "spender",
            "type": "address"
        }
    ],
    "name": "allowance",
    "outputs": [{
        "name": "",
        "type": "uint256"
    }],
    "payable": false,
    "stateMutability": "view",
    "type": "function"
},
{
    "inputs": [],
    "payable": false,
    "stateMutability": "nonpayable",
    "type": "constructor"
},
{
    "anonymous": false,
    "inputs": [{
            "indexed": true,
            "name": "txhash",
            "type": "bytes32"
        },
        {
            "indexed": true,
            "name": "account",
            "type": "address"
        },
        {
            "indexed": false,
            "name": "amount",
            "type": "uint256"
        }
    ],
    "name": "LogSwapin",
    "type": "event"
},
{
    "anonymous": false,
    "inputs": [{
            "indexed": true,
            "name": "account",
            "type": "address"
        },
        {
            "indexed": true,
            "name": "bindaddr",
            "type": "address"
        },
        {
            "indexed": false,
            "name": "amount",
            "type": "uint256"
        }
    ],
    "name": "LogSwapout",
    "type": "event"
},
{
    "anonymous": false,
    "inputs": [{
            "indexed": true,
            "name": "from",
            "type": "address"
        },
        {
            "indexed": true,
            "name": "to",
            "type": "address"
        },
        {
            "indexed": false,
            "name": "value",
            "type": "uint256"
        }
    ],
    "name": "Transfer",
    "type": "event"
},
{
    "anonymous": false,
    "inputs": [{
            "indexed": true,
            "name": "owner",
            "type": "address"
        },
        {
            "indexed": true,
            "name": "spender",
            "type": "address"
        },
        {
            "indexed": false,
            "name": "value",
            "type": "uint256"
        }
    ],
    "name": "Approval",
    "type": "event"
},
{
    "constant": false,
    "inputs": [{
            "name": "txhash",
            "type": "bytes32"
        },
        {
            "name": "account",
            "type": "address"
        },
        {
            "name": "amount",
            "type": "uint256"
        }
    ],
    "name": "Swapin",
    "outputs": [{
        "name": "",
        "type": "bool"
    }],
    "payable": false,
    "stateMutability": "nonpayable",
    "type": "function"
},
{
    "constant": false,
    "inputs": [{
            "name": "amount",
            "type": "uint256"
        },
        {
            "name": "bindaddr",
            "type": "address"
        }
    ],
    "name": "Swapout",
    "outputs": [{
        "name": "",
        "type": "bool"
    }],
    "payable": false,
    "stateMutability": "nonpayable",
    "type": "function"
}
]